Datasets:Data,,,./portality/core.py#L261,https://github.com/DOAJ/doaj/blob/feature/2677_review_and_map/./portality/core.py#L261
Atom:Feature,,,./portality/settings.py#L1041; ./portality/crosswalks/atom.py#L7,https://github.com/DOAJ/doaj/blob/feature/2677_review_and_map/./portality/settings.py#L1041; https://github.com/DOAJ/doaj/blob/feature/2677_review_and_map/./portality/crosswalks/atom.py#L7
QuickReject:FormField,./portality/forms/application_forms.py#L1508,https://github.com/DOAJ/doaj/blob/feature/2677_review_and_map/./portality/forms/application_forms.py#L1508,./portality/forms/application_forms.py#L1508,https://github.com/DOAJ/doaj/blob/feature/2677_review_and_map/./portality/forms/application_forms.py#L1508
Editor:Blueprint,,,./portality/app.py#L56,https://github.com/DOAJ/doaj/blob/feature/2677_review_and_map/./portality/app.py#L56
LicenseAttributes:FormField,./portality/forms/application_forms.py#L562,https://github.com/DOAJ/doaj/blob/feature/2677_review_and_map/./portality/forms/application_forms.py#L562,./portality/forms/application_forms.py#L562,https://github.com/DOAJ/doaj/blob/feature/2677_review_and_map/./portality/forms/application_forms.py#L562
Query:Blueprint,,,./portality/app.py#L51,https://github.com/DOAJ/doaj/blob/feature/2677_review_and_map/./portality/app.py#L51
LCC:Model,,,./portality/settings.py#L564,https://github.com/DOAJ/doaj/blob/feature/2677_review_and_map/./portality/settings.py#L564
Legacy:WebRoute,,,./portality/app.py#L116,https://github.com/DOAJ/doaj/blob/feature/2677_review_and_map/./portality/app.py#L116
ArticleHistory:Feature,,,./portality/settings.py#L876,https://github.com/DOAJ/doaj/blob/feature/2677_review_and_map/./portality/settings.py#L876
ApplicationStatus:FormField,./portality/forms/application_forms.py#L1554,https://github.com/DOAJ/doaj/blob/feature/2677_review_and_map/./portality/forms/application_forms.py#L1554,./portality/forms/application_forms.py#L1554,https://github.com/DOAJ/doaj/blob/feature/2677_review_and_map/./portality/forms/application_forms.py#L1554
Article:Model,,,./cms/pages/docs/widgets.md#L11; ./docs/system/OPENURL.md#L88; ./docs/system/OPENURL.md#L148; ./portality/settings.py#L561; ./portality/settings.py#L594; ./portality/settings.py#L711; ./portality/upgrade.py#L17; ./portality/api/v2/discovery.py#L294; ./portality/api/v2/data_objects/article.py#L275; ./portality/api/v2/data_objects/article.py#L289; ./portality/bll/services/article.py#L304; ./portality/crosswalks/article_doaj_xml.py#L120; ./portality/crosswalks/article_crossref_xml.py#L163; ./portality/crosswalks/article_form.py#L6,https://github.com/DOAJ/doaj/blob/feature/2677_review_and_map/./cms/pages/docs/widgets.md#L11; https://github.com/DOAJ/doaj/blob/feature/2677_review_and_map/./docs/system/OPENURL.md#L88; https://github.com/DOAJ/doaj/blob/feature/2677_review_and_map/./docs/system/OPENURL.md#L148; https://github.com/DOAJ/doaj/blob/feature/2677_review_and_map/./portality/settings.py#L561; https://github.com/DOAJ/doaj/blob/feature/2677_review_and_map/./portality/settings.py#L594; https://github.com/DOAJ/doaj/blob/feature/2677_review_and_map/./portality/settings.py#L711; https://github.com/DOAJ/doaj/blob/feature/2677_review_and_map/./portality/upgrade.py#L17; https://github.com/DOAJ/doaj/blob/feature/2677_review_and_map/./portality/api/v2/discovery.py#L294; https://github.com/DOAJ/doaj/blob/feature/2677_review_and_map/./portality/api/v2/data_objects/article.py#L275; https://github.com/DOAJ/doaj/blob/feature/2677_review_and_map/./portality/api/v2/data_objects/article.py#L289; https://github.com/DOAJ/doaj/blob/feature/2677_review_and_map/./portality/bll/services/article.py#L304; https://github.com/DOAJ/doaj/blob/feature/2677_review_and_map/./portality/crosswalks/article_doaj_xml.py#L120; https://github.com/DOAJ/doaj/blob/feature/2677_review_and_map/./portality/crosswalks/article_crossref_xml.py#L163; https://github.com/DOAJ/doaj/blob/feature/2677_review_and_map/./portality/crosswalks/article_form.py#L6
EditorApplicationQuery:Endpoint,,,./portality/settings.py#L697,https://github.com/DOAJ/doaj/blob/feature/2677_review_and_map/./portality/settings.py#L697
Swagger:Documentation,,,./docs/system/API.md#L49,https://github.com/DOAJ/doaj/blob/feature/2677_review_and_map/./docs/system/API.md#L49
PyCountry:Technology,,,./portality/datasets.py#L12; ./portality/datasets.py#L28; ./portality/datasets.py#L45,https://github.com/DOAJ/doaj/blob/feature/2677_review_and_map/./portality/datasets.py#L12; https://github.com/DOAJ/doaj/blob/feature/2677_review_and_map/./portality/datasets.py#L28; https://github.com/DOAJ/doaj/blob/feature/2677_review_and_map/./portality/datasets.py#L45
Publisher:Blueprint,,,./portality/app.py#L50,https://github.com/DOAJ/doaj/blob/feature/2677_review_and_map/./portality/app.py#L50
Application:Form,,,./portality/crosswalks/application_form.py#L8,https://github.com/DOAJ/doaj/blob/feature/2677_review_and_map/./portality/crosswalks/application_form.py#L8
PublicDataDump:WebRoute,,,./cms/data/nav.yml#L25,https://github.com/DOAJ/doaj/blob/feature/2677_review_and_map/./cms/data/nav.yml#L25
AdvisoryBoardCouncil:WebRoute,,,./cms/data/nav.yml#L44,https://github.com/DOAJ/doaj/blob/feature/2677_review_and_map/./cms/data/nav.yml#L44
APCCharges:FormField,./portality/forms/application_forms.py#L926,https://github.com/DOAJ/doaj/blob/feature/2677_review_and_map/./portality/forms/application_forms.py#L926,./portality/forms/application_forms.py#L926,https://github.com/DOAJ/doaj/blob/feature/2677_review_and_map/./portality/forms/application_forms.py#L926
PublisherSupporters:WebRoute,,,./cms/data/nav.yml#L64,https://github.com/DOAJ/doaj/blob/feature/2677_review_and_map/./cms/data/nav.yml#L64
StatusEndpoint:Feature,,,./portality/settings.py#L345,https://github.com/DOAJ/doaj/blob/feature/2677_review_and_map/./portality/settings.py#L345
News:Script,,,./docs/system/INSTALL.md#L129,https://github.com/DOAJ/doaj/blob/feature/2677_review_and_map/./docs/system/INSTALL.md#L129
About:WebRoute,,,./cms/data/nav.yml#L38,https://github.com/DOAJ/doaj/blob/feature/2677_review_and_map/./cms/data/nav.yml#L38
DOAJ:Blueprint,,,./portality/app.py#L70,https://github.com/DOAJ/doaj/blob/feature/2677_review_and_map/./portality/app.py#L70
Assets:WebRoute,,,./portality/app.py#L80,https://github.com/DOAJ/doaj/blob/feature/2677_review_and_map/./portality/app.py#L80
OfflineMode:Feature,,,./portality/settings.py#L94,https://github.com/DOAJ/doaj/blob/feature/2677_review_and_map/./portality/settings.py#L94
JournalHistory:Feature,,,./portality/settings.py#L877,https://github.com/DOAJ/doaj/blob/feature/2677_review_and_map/./portality/settings.py#L877
FileStoreTemp:Feature,,,./portality/store.py#L239; ./portality/bll/services/site.py#L30; ./portality/bll/services/journal.py#L132,https://github.com/DOAJ/doaj/blob/feature/2677_review_and_map/./portality/store.py#L239; https://github.com/DOAJ/doaj/blob/feature/2677_review_and_map/./portality/bll/services/site.py#L30; https://github.com/DOAJ/doaj/blob/feature/2677_review_and_map/./portality/bll/services/journal.py#L132
Team:WebRoute,,,./cms/data/nav.yml#L40,https://github.com/DOAJ/doaj/blob/feature/2677_review_and_map/./cms/data/nav.yml#L40
PublisherSupportersData:Template,,,./cms/pages/support/publisher-supporters.md#L10,https://github.com/DOAJ/doaj/blob/feature/2677_review_and_map/./cms/pages/support/publisher-supporters.md#L10
Application:Model,,,./docs/data_models.sh#L9; ./docs/system/OPENURL.md#L141; ./portality/settings.py#L404; ./portality/settings.py#L632; ./portality/settings.py#L646; ./portality/settings.py#L686; ./portality/settings.py#L702; ./portality/settings.py#L728; ./portality/upgrade.py#L18; ./portality/api/v2/discovery.py#L300; ./portality/api/v2/crud/applications.py#L157; ./portality/bll/services/application.py#L301; ./portality/bll/services/journal.py#L62; ./portality/crosswalks/jct_inprogress.py#L6; ./portality/crosswalks/application_form.py#L7,https://github.com/DOAJ/doaj/blob/feature/2677_review_and_map/./docs/data_models.sh#L9; https://github.com/DOAJ/doaj/blob/feature/2677_review_and_map/./docs/system/OPENURL.md#L141; https://github.com/DOAJ/doaj/blob/feature/2677_review_and_map/./portality/settings.py#L404; https://github.com/DOAJ/doaj/blob/feature/2677_review_and_map/./portality/settings.py#L632; https://github.com/DOAJ/doaj/blob/feature/2677_review_and_map/./portality/settings.py#L646; https://github.com/DOAJ/doaj/blob/feature/2677_review_and_map/./portality/settings.py#L686; https://github.com/DOAJ/doaj/blob/feature/2677_review_and_map/./portality/settings.py#L702; https://github.com/DOAJ/doaj/blob/feature/2677_review_and_map/./portality/settings.py#L728; https://github.com/DOAJ/doaj/blob/feature/2677_review_and_map/./portality/upgrade.py#L18; https://github.com/DOAJ/doaj/blob/feature/2677_review_and_map/./portality/api/v2/discovery.py#L300; https://github.com/DOAJ/doaj/blob/feature/2677_review_and_map/./portality/api/v2/crud/applications.py#L157; https://github.com/DOAJ/doaj/blob/feature/2677_review_and_map/./portality/bll/services/application.py#L301; https://github.com/DOAJ/doaj/blob/feature/2677_review_and_map/./portality/bll/services/journal.py#L62; https://github.com/DOAJ/doaj/blob/feature/2677_review_and_map/./portality/crosswalks/jct_inprogress.py#L6; https://github.com/DOAJ/doaj/blob/feature/2677_review_and_map/./portality/crosswalks/application_form.py#L7
CMS:Script,,,./cms/README.md#L33; ./portality/cms/build_fragments.py#L1; ./portality/cms/build_sass.py#L3,https://github.com/DOAJ/doaj/blob/feature/2677_review_and_map/./cms/README.md#L33; https://github.com/DOAJ/doaj/blob/feature/2677_review_and_map/./portality/cms/build_fragments.py#L1; https://github.com/DOAJ/doaj/blob/feature/2677_review_and_map/./portality/cms/build_sass.py#L3
AdminApplicationQuery:Endpoint,,,./portality/settings.py#L642,https://github.com/DOAJ/doaj/blob/feature/2677_review_and_map/./portality/settings.py#L642
StopWords:FormValidator,,,./portality/forms/application_forms.py#L375,https://github.com/DOAJ/doaj/blob/feature/2677_review_and_map/./portality/forms/application_forms.py#L375
DebugToolbar:Framework,,,./portality/core.py#L55; ./portality/settings.py#L32,https://github.com/DOAJ/doaj/blob/feature/2677_review_and_map/./portality/core.py#L55; https://github.com/DOAJ/doaj/blob/feature/2677_review_and_map/./portality/settings.py#L32
FullContents:FormWidget,,,./portality/forms/application_forms.py#L154; ./portality/forms/application_forms.py#L183; ./portality/forms/application_forms.py#L240; ./portality/forms/application_forms.py#L309; ./portality/forms/application_forms.py#L432; ./portality/forms/application_forms.py#L491; ./portality/forms/application_forms.py#L2737,https://github.com/DOAJ/doaj/blob/feature/2677_review_and_map/./portality/forms/application_forms.py#L154; https://github.com/DOAJ/doaj/blob/feature/2677_review_and_map/./portality/forms/application_forms.py#L183; https://github.com/DOAJ/doaj/blob/feature/2677_review_and_map/./portality/forms/application_forms.py#L240; https://github.com/DOAJ/doaj/blob/feature/2677_review_and_map/./portality/forms/application_forms.py#L309; https://github.com/DOAJ/doaj/blob/feature/2677_review_and_map/./portality/forms/application_forms.py#L432; https://github.com/DOAJ/doaj/blob/feature/2677_review_and_map/./portality/forms/application_forms.py#L491; https://github.com/DOAJ/doaj/blob/feature/2677_review_and_map/./portality/forms/application_forms.py#L2737
WhyIndex:WebRoute,,,./cms/data/nav.yml#L83,https://github.com/DOAJ/doaj/blob/feature/2677_review_and_map/./cms/data/nav.yml#L83
UserRoles:Feature,,,./docs/system/AUTHNZ.md#L31,https://github.com/DOAJ/doaj/blob/feature/2677_review_and_map/./docs/system/AUTHNZ.md#L31
Facebook:ExternalService,,,./cms/data/nav.yml#L93,https://github.com/DOAJ/doaj/blob/feature/2677_review_and_map/./cms/data/nav.yml#L93
AdminAccountQuery:Endpoint,,,./portality/settings.py#L654,https://github.com/DOAJ/doaj/blob/feature/2677_review_and_map/./portality/settings.py#L654
Cache:Model,,,./portality/settings.py#L563; ./portality/bll/services/journal.py#L225,https://github.com/DOAJ/doaj/blob/feature/2677_review_and_map/./portality/settings.py#L563; https://github.com/DOAJ/doaj/blob/feature/2677_review_and_map/./portality/bll/services/journal.py#L225
TeamData:Template,,,./cms/pages/about/team.md#L7,https://github.com/DOAJ/doaj/blob/feature/2677_review_and_map/./cms/pages/about/team.md#L7
AllPublisherApplications:Model,,,./portality/settings.py#L624,https://github.com/DOAJ/doaj/blob/feature/2677_review_and_map/./portality/settings.py#L624
Support:WebRoute,,,./cms/data/nav.yml#L57; ./cms/data/nav.yml#L60,https://github.com/DOAJ/doaj/blob/feature/2677_review_and_map/./cms/data/nav.yml#L57; https://github.com/DOAJ/doaj/blob/feature/2677_review_and_map/./cms/data/nav.yml#L60
EditorialSubcommitteeData:Template,,,./cms/pages/about/editorial-subcommittee.md#L8,https://github.com/DOAJ/doaj/blob/feature/2677_review_and_map/./cms/pages/about/editorial-subcommittee.md#L8
OAIPMH:Blueprint,,,./portality/app.py#L67,https://github.com/DOAJ/doaj/blob/feature/2677_review_and_map/./portality/app.py#L67
InstitutionCountry:FormField,./portality/forms/application_forms.py#L495,https://github.com/DOAJ/doaj/blob/feature/2677_review_and_map/./portality/forms/application_forms.py#L495,./portality/forms/application_forms.py#L495,https://github.com/DOAJ/doaj/blob/feature/2677_review_and_map/./portality/forms/application_forms.py#L495
Services:Blueprint,,,./portality/app.py#L57,https://github.com/DOAJ/doaj/blob/feature/2677_review_and_map/./portality/app.py#L57
Favicon:Content,,,./portality/settings.py#L798,https://github.com/DOAJ/doaj/blob/feature/2677_review_and_map/./portality/settings.py#L798
Atom:WebRoute,,,./cms/data/nav.yml#L102,https://github.com/DOAJ/doaj/blob/feature/2677_review_and_map/./cms/data/nav.yml#L102
Cookies:Feature,,,./portality/settings.py#L219,https://github.com/DOAJ/doaj/blob/feature/2677_review_and_map/./portality/settings.py#L219
ReadOnlyMode:Feature,./portality/decorators.py#L103,https://github.com/DOAJ/doaj/blob/feature/2677_review_and_map/./portality/decorators.py#L103,./portality/settings.py#L84; ./portality/dao.py#L114; ./portality/dao.py#L215; ./portality/dao.py#L237,https://github.com/DOAJ/doaj/blob/feature/2677_review_and_map/./portality/settings.py#L84; https://github.com/DOAJ/doaj/blob/feature/2677_review_and_map/./portality/dao.py#L114; https://github.com/DOAJ/doaj/blob/feature/2677_review_and_map/./portality/dao.py#L215; https://github.com/DOAJ/doaj/blob/feature/2677_review_and_map/./portality/dao.py#L237
JCT:Blueprint,,,./portality/app.py#L65,https://github.com/DOAJ/doaj/blob/feature/2677_review_and_map/./portality/app.py#L65
Editor:FormField,./portality/forms/application_forms.py#L1613,https://github.com/DOAJ/doaj/blob/feature/2677_review_and_map/./portality/forms/application_forms.py#L1613,./portality/forms/application_forms.py#L1613,https://github.com/DOAJ/doaj/blob/feature/2677_review_and_map/./portality/forms/application_forms.py#L1613
AuthNZ:Feature,./portality/authorise.py#L5,https://github.com/DOAJ/doaj/blob/feature/2677_review_and_map/./portality/authorise.py#L5,./portality/app.py#L291; ./portality/settings.py#L237; ./portality/api/v2/crud/applications.py#L114; ./portality/api/v2/crud/applications.py#L266; ./portality/api/v2/crud/applications.py#L302; ./portality/bll/exceptions.py#L6; ./portality/bll/services/authorisation.py#L8,https://github.com/DOAJ/doaj/blob/feature/2677_review_and_map/./portality/app.py#L291; https://github.com/DOAJ/doaj/blob/feature/2677_review_and_map/./portality/settings.py#L237; https://github.com/DOAJ/doaj/blob/feature/2677_review_and_map/./portality/api/v2/crud/applications.py#L114; https://github.com/DOAJ/doaj/blob/feature/2677_review_and_map/./portality/api/v2/crud/applications.py#L266; https://github.com/DOAJ/doaj/blob/feature/2677_review_and_map/./portality/api/v2/crud/applications.py#L302; https://github.com/DOAJ/doaj/blob/feature/2677_review_and_map/./portality/bll/exceptions.py#L6; https://github.com/DOAJ/doaj/blob/feature/2677_review_and_map/./portality/bll/services/authorisation.py#L8
CMSFragments:Build,,,./portality/core.py#L292; ./portality/cms/build_fragments.py#L56,https://github.com/DOAJ/doaj/blob/feature/2677_review_and_map/./portality/core.py#L292; https://github.com/DOAJ/doaj/blob/feature/2677_review_and_map/./portality/cms/build_fragments.py#L56
EditorGroup:Model,,,./portality/settings.py#L565; ./portality/settings.py#L652; ./portality/bll/services/authorisation.py#L130,https://github.com/DOAJ/doaj/blob/feature/2677_review_and_map/./portality/settings.py#L565; https://github.com/DOAJ/doaj/blob/feature/2677_review_and_map/./portality/settings.py#L652; https://github.com/DOAJ/doaj/blob/feature/2677_review_and_map/./portality/bll/services/authorisation.py#L130
Status:Blueprint,,,./portality/app.py#L62,https://github.com/DOAJ/doaj/blob/feature/2677_review_and_map/./portality/app.py#L62
PublicationTimeWeeks:FormField,./portality/forms/application_forms.py#L886,https://github.com/DOAJ/doaj/blob/feature/2677_review_and_map/./portality/forms/application_forms.py#L886,./portality/forms/application_forms.py#L886,https://github.com/DOAJ/doaj/blob/feature/2677_review_and_map/./portality/forms/application_forms.py#L886
JournalBibJSON:Model,,,./portality/settings.py#L981,https://github.com/DOAJ/doaj/blob/feature/2677_review_and_map/./portality/settings.py#L981
Owner:FormField,./portality/forms/application_forms.py#L1530,https://github.com/DOAJ/doaj/blob/feature/2677_review_and_map/./portality/forms/application_forms.py#L1530,./portality/forms/application_forms.py#L1530,https://github.com/DOAJ/doaj/blob/feature/2677_review_and_map/./portality/forms/application_forms.py#L1530
Crossref:Feature,,,./portality/crosswalks/article_crossref_xml.py#L14,https://github.com/DOAJ/doaj/blob/feature/2677_review_and_map/./portality/crosswalks/article_crossref_xml.py#L14
ApplicationForms:Feature,,,./docs/forms.sh#L3,https://github.com/DOAJ/doaj/blob/feature/2677_review_and_map/./docs/forms.sh#L3
ORCID:Regex,./portality/regex.py#L7,https://github.com/DOAJ/doaj/blob/feature/2677_review_and_map/./portality/regex.py#L7,,
JournalArticle:Model,,,./portality/settings.py#L605; ./portality/settings.py#L664,https://github.com/DOAJ/doaj/blob/feature/2677_review_and_map/./portality/settings.py#L605; https://github.com/DOAJ/doaj/blob/feature/2677_review_and_map/./portality/settings.py#L664
EditorialSubcommittee:WebRoute,,,./cms/data/nav.yml#L46,https://github.com/DOAJ/doaj/blob/feature/2677_review_and_map/./cms/data/nav.yml#L46
Journal:Model,,,./cms/pages/docs/widgets.md#L10; ./docs/data_models.sh#L8; ./docs/system/OPENURL.md#L89; ./docs/system/OPENURL.md#L140; ./portality/settings.py#L403; ./portality/settings.py#L584; ./portality/settings.py#L616; ./portality/settings.py#L640; ./portality/settings.py#L679; ./portality/settings.py#L695; ./portality/settings.py#L720; ./portality/upgrade.py#L16; ./portality/api/v2/discovery.py#L297; ./portality/api/v2/crud/journals.py#L41; ./portality/api/v2/data_objects/journal.py#L32; ./portality/bll/services/application.py#L346; ./portality/bll/services/journal.py#L146; ./portality/crosswalks/journal_form.py#L10; ./portality/crosswalks/atom.py#L8; ./portality/crosswalks/application_form.py#L112,https://github.com/DOAJ/doaj/blob/feature/2677_review_and_map/./cms/pages/docs/widgets.md#L10; https://github.com/DOAJ/doaj/blob/feature/2677_review_and_map/./docs/data_models.sh#L8; https://github.com/DOAJ/doaj/blob/feature/2677_review_and_map/./docs/system/OPENURL.md#L89; https://github.com/DOAJ/doaj/blob/feature/2677_review_and_map/./docs/system/OPENURL.md#L140; https://github.com/DOAJ/doaj/blob/feature/2677_review_and_map/./portality/settings.py#L403; https://github.com/DOAJ/doaj/blob/feature/2677_review_and_map/./portality/settings.py#L584; https://github.com/DOAJ/doaj/blob/feature/2677_review_and_map/./portality/settings.py#L616; https://github.com/DOAJ/doaj/blob/feature/2677_review_and_map/./portality/settings.py#L640; https://github.com/DOAJ/doaj/blob/feature/2677_review_and_map/./portality/settings.py#L679; https://github.com/DOAJ/doaj/blob/feature/2677_review_and_map/./portality/settings.py#L695; https://github.com/DOAJ/doaj/blob/feature/2677_review_and_map/./portality/settings.py#L720; https://github.com/DOAJ/doaj/blob/feature/2677_review_and_map/./portality/upgrade.py#L16; https://github.com/DOAJ/doaj/blob/feature/2677_review_and_map/./portality/api/v2/discovery.py#L297; https://github.com/DOAJ/doaj/blob/feature/2677_review_and_map/./portality/api/v2/crud/journals.py#L41; https://github.com/DOAJ/doaj/blob/feature/2677_review_and_map/./portality/api/v2/data_objects/journal.py#L32; https://github.com/DOAJ/doaj/blob/feature/2677_review_and_map/./portality/bll/services/application.py#L346; https://github.com/DOAJ/doaj/blob/feature/2677_review_and_map/./portality/bll/services/journal.py#L146; https://github.com/DOAJ/doaj/blob/feature/2677_review_and_map/./portality/crosswalks/journal_form.py#L10; https://github.com/DOAJ/doaj/blob/feature/2677_review_and_map/./portality/crosswalks/atom.py#L8; https://github.com/DOAJ/doaj/blob/feature/2677_review_and_map/./portality/crosswalks/application_form.py#L112
Supporters:WebRoute,,,./cms/data/nav.yml#L66,https://github.com/DOAJ/doaj/blob/feature/2677_review_and_map/./cms/data/nav.yml#L66
XMLDocumentation:WebRoute,,,./cms/data/nav.yml#L29,https://github.com/DOAJ/doaj/blob/feature/2677_review_and_map/./cms/data/nav.yml#L29
Widgets:WebRoute,,,./cms/data/nav.yml#L23,https://github.com/DOAJ/doaj/blob/feature/2677_review_and_map/./cms/data/nav.yml#L23
Transparency:WebRoute,,,./cms/data/nav.yml#L81,https://github.com/DOAJ/doaj/blob/feature/2677_review_and_map/./cms/data/nav.yml#L81
OptionalIf:FormValidator,,,./portality/forms/application_forms.py#L2536; ./portality/forms/application_forms.py#L232; ./portality/forms/application_forms.py#L245; ./portality/forms/application_forms.py#L302; ./portality/forms/application_forms.py#L314; ./portality/forms/application_forms.py#L354,https://github.com/DOAJ/doaj/blob/feature/2677_review_and_map/./portality/forms/application_forms.py#L2536; https://github.com/DOAJ/doaj/blob/feature/2677_review_and_map/./portality/forms/application_forms.py#L232; https://github.com/DOAJ/doaj/blob/feature/2677_review_and_map/./portality/forms/application_forms.py#L245; https://github.com/DOAJ/doaj/blob/feature/2677_review_and_map/./portality/forms/application_forms.py#L302; https://github.com/DOAJ/doaj/blob/feature/2677_review_and_map/./portality/forms/application_forms.py#L314; https://github.com/DOAJ/doaj/blob/feature/2677_review_and_map/./portality/forms/application_forms.py#L354
Date:Regex,./portality/regex.py#L15,https://github.com/DOAJ/doaj/blob/feature/2677_review_and_map/./portality/regex.py#L15,,
Provenance:Model,,,./portality/settings.py#L568; ./portality/bll/services/application.py#L89,https://github.com/DOAJ/doaj/blob/feature/2677_review_and_map/./portality/settings.py#L568; https://github.com/DOAJ/doaj/blob/feature/2677_review_and_map/./portality/bll/services/application.py#L89
GitHub:ExternalService,,,./cms/data/nav.yml#L96; ./portality/settings.py#L198,https://github.com/DOAJ/doaj/blob/feature/2677_review_and_map/./cms/data/nav.yml#L96; https://github.com/DOAJ/doaj/blob/feature/2677_review_and_map/./portality/settings.py#L198
AdminJournalArticleQuery:Endpoint,,,./portality/settings.py#L660,https://github.com/DOAJ/doaj/blob/feature/2677_review_and_map/./portality/settings.py#L660
TrimWhitespace:FormWidget,,,./portality/forms/application_forms.py#L2739; ./portality/forms/application_forms.py#L127; ./portality/forms/application_forms.py#L153; ./portality/forms/application_forms.py#L182; ./portality/forms/application_forms.py#L202; ./portality/forms/application_forms.py#L239; ./portality/forms/application_forms.py#L308; ./portality/forms/application_forms.py#L430; ./portality/forms/application_forms.py#L489; ./portality/forms/application_forms.py#L598; ./portality/forms/application_forms.py#L646; ./portality/forms/application_forms.py#L689; ./portality/forms/application_forms.py#L753; ./portality/forms/application_forms.py#L775; ./portality/forms/application_forms.py#L824; ./portality/forms/application_forms.py#L843; ./portality/forms/application_forms.py#L862; ./portality/forms/application_forms.py#L881; ./portality/forms/application_forms.py#L1023; ./portality/forms/application_forms.py#L1075; ./portality/forms/application_forms.py#L1123; ./portality/forms/application_forms.py#L1184; ./portality/forms/application_forms.py#L1210; ./portality/forms/application_forms.py#L1256; ./portality/forms/application_forms.py#L1309; ./portality/forms/application_forms.py#L1334; ./portality/forms/application_forms.py#L1416,https://github.com/DOAJ/doaj/blob/feature/2677_review_and_map/./portality/forms/application_forms.py#L2739; https://github.com/DOAJ/doaj/blob/feature/2677_review_and_map/./portality/forms/application_forms.py#L127; https://github.com/DOAJ/doaj/blob/feature/2677_review_and_map/./portality/forms/application_forms.py#L153; https://github.com/DOAJ/doaj/blob/feature/2677_review_and_map/./portality/forms/application_forms.py#L182; https://github.com/DOAJ/doaj/blob/feature/2677_review_and_map/./portality/forms/application_forms.py#L202; https://github.com/DOAJ/doaj/blob/feature/2677_review_and_map/./portality/forms/application_forms.py#L239; https://github.com/DOAJ/doaj/blob/feature/2677_review_and_map/./portality/forms/application_forms.py#L308; https://github.com/DOAJ/doaj/blob/feature/2677_review_and_map/./portality/forms/application_forms.py#L430; https://github.com/DOAJ/doaj/blob/feature/2677_review_and_map/./portality/forms/application_forms.py#L489; https://github.com/DOAJ/doaj/blob/feature/2677_review_and_map/./portality/forms/application_forms.py#L598; https://github.com/DOAJ/doaj/blob/feature/2677_review_and_map/./portality/forms/application_forms.py#L646; https://github.com/DOAJ/doaj/blob/feature/2677_review_and_map/./portality/forms/application_forms.py#L689; https://github.com/DOAJ/doaj/blob/feature/2677_review_and_map/./portality/forms/application_forms.py#L753; https://github.com/DOAJ/doaj/blob/feature/2677_review_and_map/./portality/forms/application_forms.py#L775; https://github.com/DOAJ/doaj/blob/feature/2677_review_and_map/./portality/forms/application_forms.py#L824; https://github.com/DOAJ/doaj/blob/feature/2677_review_and_map/./portality/forms/application_forms.py#L843; https://github.com/DOAJ/doaj/blob/feature/2677_review_and_map/./portality/forms/application_forms.py#L862; https://github.com/DOAJ/doaj/blob/feature/2677_review_and_map/./portality/forms/application_forms.py#L881; https://github.com/DOAJ/doaj/blob/feature/2677_review_and_map/./portality/forms/application_forms.py#L1023; https://github.com/DOAJ/doaj/blob/feature/2677_review_and_map/./portality/forms/application_forms.py#L1075; https://github.com/DOAJ/doaj/blob/feature/2677_review_and_map/./portality/forms/application_forms.py#L1123; https://github.com/DOAJ/doaj/blob/feature/2677_review_and_map/./portality/forms/application_forms.py#L1184; https://github.com/DOAJ/doaj/blob/feature/2677_review_and_map/./portality/forms/application_forms.py#L1210; https://github.com/DOAJ/doaj/blob/feature/2677_review_and_map/./portality/forms/application_forms.py#L1256; https://github.com/DOAJ/doaj/blob/feature/2677_review_and_map/./portality/forms/application_forms.py#L1309; https://github.com/DOAJ/doaj/blob/feature/2677_review_and_map/./portality/forms/application_forms.py#L1334; https://github.com/DOAJ/doaj/blob/feature/2677_review_and_map/./portality/forms/application_forms.py#L1416
JournalsSearch:WebRoute,,,./cms/data/nav.yml#L10,https://github.com/DOAJ/doaj/blob/feature/2677_review_and_map/./cms/data/nav.yml#L10
WorkflowNotifications:Feature,,,./portality/settings.py#L320,https://github.com/DOAJ/doaj/blob/feature/2677_review_and_map/./portality/settings.py#L320
SiteStats:Feature,,,./portality/app.py#L161,https://github.com/DOAJ/doaj/blob/feature/2677_review_and_map/./portality/app.py#L161
UpdateRequests:Feature,,,./portality/settings.py#L391,https://github.com/DOAJ/doaj/blob/feature/2677_review_and_map/./portality/settings.py#L391
Admin:Blueprint,,,./portality/app.py#L49,https://github.com/DOAJ/doaj/blob/feature/2677_review_and_map/./portality/app.py#L49
AdminBackgroundJobQuery:Endpoint,,,./portality/settings.py#L666,https://github.com/DOAJ/doaj/blob/feature/2677_review_and_map/./portality/settings.py#L666
HasWaiver:FormField,./portality/forms/application_forms.py#L1028,https://github.com/DOAJ/doaj/blob/feature/2677_review_and_map/./portality/forms/application_forms.py#L1028,./portality/forms/application_forms.py#L1028,https://github.com/DOAJ/doaj/blob/feature/2677_review_and_map/./portality/forms/application_forms.py#L1028
OpenURLDocumentation:WebRoute,,,./cms/data/nav.yml#L27,https://github.com/DOAJ/doaj/blob/feature/2677_review_and_map/./cms/data/nav.yml#L27
User:Endpoint,,,./docs/system/AUTHNZ.md#L21,https://github.com/DOAJ/doaj/blob/feature/2677_review_and_map/./docs/system/AUTHNZ.md#L21
BackgroundJob:Model,,,./portality/settings.py#L569; ./portality/settings.py#L670,https://github.com/DOAJ/doaj/blob/feature/2677_review_and_map/./portality/settings.py#L569; https://github.com/DOAJ/doaj/blob/feature/2677_review_and_map/./portality/settings.py#L670
BatchCreateArticles:Feature,,,./portality/api/v2/bulk/articles.py#L54,https://github.com/DOAJ/doaj/blob/feature/2677_review_and_map/./portality/api/v2/bulk/articles.py#L54
ApplicationGuide:WebRoute,,,./cms/data/nav.yml#L77,https://github.com/DOAJ/doaj/blob/feature/2677_review_and_map/./cms/data/nav.yml#L77
APC:FormField,./portality/forms/application_forms.py#L905,https://github.com/DOAJ/doaj/blob/feature/2677_review_and_map/./portality/forms/application_forms.py#L905,./portality/forms/application_forms.py#L905,https://github.com/DOAJ/doaj/blob/feature/2677_review_and_map/./portality/forms/application_forms.py#L905
ArticleDataDump:WebRoute,,,./cms/pages/docs/public-data-dump.md#L9,https://github.com/DOAJ/doaj/blob/feature/2677_review_and_map/./cms/pages/docs/public-data-dump.md#L9
Privacy:WebRoute,,,./cms/data/nav.yml#L108,https://github.com/DOAJ/doaj/blob/feature/2677_review_and_map/./cms/data/nav.yml#L108
QuickRejectDetails:FormField,./portality/forms/application_forms.py#L1516,https://github.com/DOAJ/doaj/blob/feature/2677_review_and_map/./portality/forms/application_forms.py#L1516,./portality/forms/application_forms.py#L1516,https://github.com/DOAJ/doaj/blob/feature/2677_review_and_map/./portality/forms/application_forms.py#L1516
News:ExternalService,,,./cms/data/nav.yml#L50,https://github.com/DOAJ/doaj/blob/feature/2677_review_and_map/./cms/data/nav.yml#L50
FileStoreLocal:Feature,,,./portality/store.py#L169,https://github.com/DOAJ/doaj/blob/feature/2677_review_and_map/./portality/store.py#L169
DiscontinuedDate:FormField,./portality/forms/application_forms.py#L1628,https://github.com/DOAJ/doaj/blob/feature/2677_review_and_map/./portality/forms/application_forms.py#L1628,./portality/forms/application_forms.py#L1628,https://github.com/DOAJ/doaj/blob/feature/2677_review_and_map/./portality/forms/application_forms.py#L1628
FAQ:WebRoute,,,./cms/data/nav.yml#L31,https://github.com/DOAJ/doaj/blob/feature/2677_review_and_map/./cms/data/nav.yml#L31
Migrate:Script,,,./portality/upgrade.py#L167,https://github.com/DOAJ/doaj/blob/feature/2677_review_and_map/./portality/upgrade.py#L167
OpenCitations:FormField,./portality/forms/application_forms.py#L1448,https://github.com/DOAJ/doaj/blob/feature/2677_review_and_map/./portality/forms/application_forms.py#L1448,./portality/forms/application_forms.py#L1448,https://github.com/DOAJ/doaj/blob/feature/2677_review_and_map/./portality/forms/application_forms.py#L1448
Lock:Model,,,./portality/lock.py#L17; ./portality/settings.py#L567,https://github.com/DOAJ/doaj/blob/feature/2677_review_and_map/./portality/lock.py#L17; https://github.com/DOAJ/doaj/blob/feature/2677_review_and_map/./portality/settings.py#L567
IS4OA:ExternalService,,,./cms/data/nav.yml#L116,https://github.com/DOAJ/doaj/blob/feature/2677_review_and_map/./cms/data/nav.yml#L116
OAIAriticleXML:Crosswalk,,,./portality/settings.py#L806,https://github.com/DOAJ/doaj/blob/feature/2677_review_and_map/./portality/settings.py#L806
License:FormField,./portality/forms/application_forms.py#L515,https://github.com/DOAJ/doaj/blob/feature/2677_review_and_map/./portality/forms/application_forms.py#L515,./portality/forms/application_forms.py#L515,https://github.com/DOAJ/doaj/blob/feature/2677_review_and_map/./portality/forms/application_forms.py#L515
ISSN:Regex,./portality/regex.py#L11,https://github.com/DOAJ/doaj/blob/feature/2677_review_and_map/./portality/regex.py#L11,,
ConsentCookie:Feature,,,./portality/settings.py#L224,https://github.com/DOAJ/doaj/blob/feature/2677_review_and_map/./portality/settings.py#L224
Query:WebRoute,,,./portality/settings.py#L573; ./portality/settings.py#L1122,https://github.com/DOAJ/doaj/blob/feature/2677_review_and_map/./portality/settings.py#L573; https://github.com/DOAJ/doaj/blob/feature/2677_review_and_map/./portality/settings.py#L1122
URL:Regex,./portality/regex.py#L19,https://github.com/DOAJ/doaj/blob/feature/2677_review_and_map/./portality/regex.py#L19,,
Logging:Library,,,./portality/error_handler.py#L46,https://github.com/DOAJ/doaj/blob/feature/2677_review_and_map/./portality/error_handler.py#L46
DepositPolicy:FormField,./portality/forms/application_forms.py#L1261,https://github.com/DOAJ/doaj/blob/feature/2677_review_and_map/./portality/forms/application_forms.py#L1261,./portality/forms/application_forms.py#L1261,https://github.com/DOAJ/doaj/blob/feature/2677_review_and_map/./portality/forms/application_forms.py#L1261
Volunteers:WebRoute,,,./cms/data/nav.yml#L48,https://github.com/DOAJ/doaj/blob/feature/2677_review_and_map/./cms/data/nav.yml#L48
API:Endpoint,,,./harvester.cfg#L8; ./portality/settings.py#L1127,https://github.com/DOAJ/doaj/blob/feature/2677_review_and_map/./harvester.cfg#L8; https://github.com/DOAJ/doaj/blob/feature/2677_review_and_map/./portality/settings.py#L1127
RejectionAside:Template,,,./cms/pages/apply/thank-you.md#L6,https://github.com/DOAJ/doaj/blob/feature/2677_review_and_map/./cms/pages/apply/thank-you.md#L6
Seamless:Library,,,./docs/data_models.sh#L6; ./portality/settings.py#L411; ./portality/api/v2/data_objects/common_journal_application.py#L11; ./portality/api/v2/data_objects/application.py#L113; ./portality/api/v2/data_objects/application.py#L354,https://github.com/DOAJ/doaj/blob/feature/2677_review_and_map/./docs/data_models.sh#L6; https://github.com/DOAJ/doaj/blob/feature/2677_review_and_map/./portality/settings.py#L411; https://github.com/DOAJ/doaj/blob/feature/2677_review_and_map/./portality/api/v2/data_objects/common_journal_application.py#L11; https://github.com/DOAJ/doaj/blob/feature/2677_review_and_map/./portality/api/v2/data_objects/application.py#L113; https://github.com/DOAJ/doaj/blob/feature/2677_review_and_map/./portality/api/v2/data_objects/application.py#L354
Jinja2:Environment,,,./portality/app.py#L183; ./portality/core.py#L44,https://github.com/DOAJ/doaj/blob/feature/2677_review_and_map/./portality/app.py#L183; https://github.com/DOAJ/doaj/blob/feature/2677_review_and_map/./portality/core.py#L44
Tick:Feature,,,./portality/settings.py#L388,https://github.com/DOAJ/doaj/blob/feature/2677_review_and_map/./portality/settings.py#L388
DOI:Regex,./portality/regex.py#L3,https://github.com/DOAJ/doaj/blob/feature/2677_review_and_map/./portality/regex.py#L3,,
IsISSN:FormValidator,,,./portality/forms/application_forms.py#L2549; ./portality/forms/application_forms.py#L234; ./portality/forms/application_forms.py#L247; ./portality/forms/application_forms.py#L304; ./portality/forms/application_forms.py#L316; ./portality/forms/application_forms.py#L356; ./portality/forms/application_forms.py#L1658; ./portality/forms/application_forms.py#L1681,https://github.com/DOAJ/doaj/blob/feature/2677_review_and_map/./portality/forms/application_forms.py#L2549; https://github.com/DOAJ/doaj/blob/feature/2677_review_and_map/./portality/forms/application_forms.py#L234; https://github.com/DOAJ/doaj/blob/feature/2677_review_and_map/./portality/forms/application_forms.py#L247; https://github.com/DOAJ/doaj/blob/feature/2677_review_and_map/./portality/forms/application_forms.py#L304; https://github.com/DOAJ/doaj/blob/feature/2677_review_and_map/./portality/forms/application_forms.py#L316; https://github.com/DOAJ/doaj/blob/feature/2677_review_and_map/./portality/forms/application_forms.py#L356; https://github.com/DOAJ/doaj/blob/feature/2677_review_and_map/./portality/forms/application_forms.py#L1658; https://github.com/DOAJ/doaj/blob/feature/2677_review_and_map/./portality/forms/application_forms.py#L1681
Terms:WebRoute,,,./cms/data/nav.yml#L112,https://github.com/DOAJ/doaj/blob/feature/2677_review_and_map/./cms/data/nav.yml#L112
ArticleDeduplication:Feature,,,./portality/bll/services/article.py#L382; ./portality/bll/services/article.py#L408; ./portality/bll/services/article.py#L444; ./portality/bll/services/article.py#L194,https://github.com/DOAJ/doaj/blob/feature/2677_review_and_map/./portality/bll/services/article.py#L382; https://github.com/DOAJ/doaj/blob/feature/2677_review_and_map/./portality/bll/services/article.py#L408; https://github.com/DOAJ/doaj/blob/feature/2677_review_and_map/./portality/bll/services/article.py#L444; https://github.com/DOAJ/doaj/blob/feature/2677_review_and_map/./portality/bll/services/article.py#L194
AdvisoryBoardCouncilData:Template,,,./cms/pages/about/advisory-board-council.md#L7,https://github.com/DOAJ/doaj/blob/feature/2677_review_and_map/./cms/pages/about/advisory-board-council.md#L7
OAIPMH:WebRoute,,,./cms/pages/docs/oai-pmh.md#L8,https://github.com/DOAJ/doaj/blob/feature/2677_review_and_map/./cms/pages/docs/oai-pmh.md#L8
NoteID:FormField,./portality/forms/application_forms.py#L1784,https://github.com/DOAJ/doaj/blob/feature/2677_review_and_map/./portality/forms/application_forms.py#L1784,./portality/forms/application_forms.py#L1784,https://github.com/DOAJ/doaj/blob/feature/2677_review_and_map/./portality/forms/application_forms.py#L1784
VolunteersData:Template,,,./cms/pages/about/volunteers.md#L8,https://github.com/DOAJ/doaj/blob/feature/2677_review_and_map/./cms/pages/about/volunteers.md#L8
PublicDataDump:Feature,,,./docs/system/S3.md#L7,https://github.com/DOAJ/doaj/blob/feature/2677_review_and_map/./docs/system/S3.md#L7
Register:Endpoint,,,./docs/system/AUTHNZ.md#L27,https://github.com/DOAJ/doaj/blob/feature/2677_review_and_map/./docs/system/AUTHNZ.md#L27
Apply:Blueprint,,,./portality/app.py#L64,https://github.com/DOAJ/doaj/blob/feature/2677_review_and_map/./portality/app.py#L64
FixedQueryWidget:Asset,,,./cms/pages/docs/widgets.md#L9,https://github.com/DOAJ/doaj/blob/feature/2677_review_and_map/./cms/pages/docs/widgets.md#L9
APIApplicationQuery:Endpoint,,,./portality/settings.py#L723,https://github.com/DOAJ/doaj/blob/feature/2677_review_and_map/./portality/settings.py#L723
Constants:Config,./portality/constants.py#L1,https://github.com/DOAJ/doaj/blob/feature/2677_review_and_map/./portality/constants.py#L1,./portality/core.py#L259,https://github.com/DOAJ/doaj/blob/feature/2677_review_and_map/./portality/core.py#L259
DifferetTo:FormValidator,,,./portality/forms/application_forms.py#L2572; ./portality/forms/application_forms.py#L236; ./portality/forms/application_forms.py#L250; ./portality/forms/application_forms.py#L305; ./portality/forms/application_forms.py#L318; ./portality/forms/application_forms.py#L357; ./portality/forms/application_forms.py#L1659; ./portality/forms/application_forms.py#L1682,https://github.com/DOAJ/doaj/blob/feature/2677_review_and_map/./portality/forms/application_forms.py#L2572; https://github.com/DOAJ/doaj/blob/feature/2677_review_and_map/./portality/forms/application_forms.py#L236; https://github.com/DOAJ/doaj/blob/feature/2677_review_and_map/./portality/forms/application_forms.py#L250; https://github.com/DOAJ/doaj/blob/feature/2677_review_and_map/./portality/forms/application_forms.py#L305; https://github.com/DOAJ/doaj/blob/feature/2677_review_and_map/./portality/forms/application_forms.py#L318; https://github.com/DOAJ/doaj/blob/feature/2677_review_and_map/./portality/forms/application_forms.py#L357; https://github.com/DOAJ/doaj/blob/feature/2677_review_and_map/./portality/forms/application_forms.py#L1659; https://github.com/DOAJ/doaj/blob/feature/2677_review_and_map/./portality/forms/application_forms.py#L1682
Language:FormField,./portality/forms/application_forms.py#L395,https://github.com/DOAJ/doaj/blob/feature/2677_review_and_map/./portality/forms/application_forms.py#L395,./portality/forms/application_forms.py#L395,https://github.com/DOAJ/doaj/blob/feature/2677_review_and_map/./portality/forms/application_forms.py#L395
OutgoingJournal:Model,,,./docs/data_models.sh#L12,https://github.com/DOAJ/doaj/blob/feature/2677_review_and_map/./docs/data_models.sh#L12
APIKey:Feature,./portality/decorators.py#L29; ./portality/decorators.py#L48,https://github.com/DOAJ/doaj/blob/feature/2677_review_and_map/./portality/decorators.py#L29; https://github.com/DOAJ/doaj/blob/feature/2677_review_and_map/./portality/decorators.py#L48,./portality/api/common.py#L78,https://github.com/DOAJ/doaj/blob/feature/2677_review_and_map/./portality/api/common.py#L78
Notifications:Feature,,,./harvester.cfg#L16,https://github.com/DOAJ/doaj/blob/feature/2677_review_and_map/./harvester.cfg#L16
DataObj:Library,,,./docs/data_models.sh#L7; ./portality/settings.py#L410; ./portality/api/v2/data_objects/article.py#L159; ./portality/api/v2/data_objects/article.py#L280,https://github.com/DOAJ/doaj/blob/feature/2677_review_and_map/./docs/data_models.sh#L7; https://github.com/DOAJ/doaj/blob/feature/2677_review_and_map/./portality/settings.py#L410; https://github.com/DOAJ/doaj/blob/feature/2677_review_and_map/./portality/api/v2/data_objects/article.py#L159; https://github.com/DOAJ/doaj/blob/feature/2677_review_and_map/./portality/api/v2/data_objects/article.py#L280
Harvester:Feature,,,./portality/settings.py#L1114,https://github.com/DOAJ/doaj/blob/feature/2677_review_and_map/./portality/settings.py#L1114
JCT:Feature,,,./portality/crosswalks/jct_inprogress.py#L5,https://github.com/DOAJ/doaj/blob/feature/2677_review_and_map/./portality/crosswalks/jct_inprogress.py#L5
CrossrefArticleXML:WebRoute,,,./portality/app.py#L149,https://github.com/DOAJ/doaj/blob/feature/2677_review_and_map/./portality/app.py#L149
Apply:WebRoute,,,./cms/data/nav.yml#L72; ./cms/data/nav.yml#L75,https://github.com/DOAJ/doaj/blob/feature/2677_review_and_map/./cms/data/nav.yml#L72; https://github.com/DOAJ/doaj/blob/feature/2677_review_and_map/./cms/data/nav.yml#L75
SponsorsData:Template,,,./cms/pages/support/sponsors.md#L8,https://github.com/DOAJ/doaj/blob/feature/2677_review_and_map/./cms/pages/support/sponsors.md#L8
ToC:WebRoute,,,./portality/settings.py#L126; ./portality/bll/services/journal.py#L163,https://github.com/DOAJ/doaj/blob/feature/2677_review_and_map/./portality/settings.py#L126; https://github.com/DOAJ/doaj/blob/feature/2677_review_and_map/./portality/bll/services/journal.py#L163
AtomFeed:Feature,,,./portality/settings.py#L779,https://github.com/DOAJ/doaj/blob/feature/2677_review_and_map/./portality/settings.py#L779
APCMax:FormField,./portality/forms/application_forms.py#L982,https://github.com/DOAJ/doaj/blob/feature/2677_review_and_map/./portality/forms/application_forms.py#L982,./portality/forms/application_forms.py#L982,https://github.com/DOAJ/doaj/blob/feature/2677_review_and_map/./portality/forms/application_forms.py#L982
ContributionRates:Template,,,./cms/pages/support/index.md#L10,https://github.com/DOAJ/doaj/blob/feature/2677_review_and_map/./cms/pages/support/index.md#L10
Account:Model,,,./portality/app.py#L290; ./portality/core.py#L25; ./portality/settings.py#L558; ./portality/settings.py#L658; ./portality/upgrade.py#L20; ./portality/background.py#L44; ./portality/background.py#L185,https://github.com/DOAJ/doaj/blob/feature/2677_review_and_map/./portality/app.py#L290; https://github.com/DOAJ/doaj/blob/feature/2677_review_and_map/./portality/core.py#L25; https://github.com/DOAJ/doaj/blob/feature/2677_review_and_map/./portality/settings.py#L558; https://github.com/DOAJ/doaj/blob/feature/2677_review_and_map/./portality/settings.py#L658; https://github.com/DOAJ/doaj/blob/feature/2677_review_and_map/./portality/upgrade.py#L20; https://github.com/DOAJ/doaj/blob/feature/2677_review_and_map/./portality/background.py#L44; https://github.com/DOAJ/doaj/blob/feature/2677_review_and_map/./portality/background.py#L185
SSLRequired:Feature,./portality/decorators.py#L70,https://github.com/DOAJ/doaj/blob/feature/2677_review_and_map/./portality/decorators.py#L70,,
LinkedIn:ExternalService,,,./cms/data/nav.yml#L99,https://github.com/DOAJ/doaj/blob/feature/2677_review_and_map/./cms/data/nav.yml#L99
PersistentIdentifiers:FormField,./portality/forms/application_forms.py#L1373,https://github.com/DOAJ/doaj/blob/feature/2677_review_and_map/./portality/forms/application_forms.py#L1373,./portality/forms/application_forms.py#L1373,https://github.com/DOAJ/doaj/blob/feature/2677_review_and_map/./portality/forms/application_forms.py#L1373
PublicJournalArticleQuery:Endpoint,,,./portality/settings.py#L598; ./portality/settings.py#L1124,https://github.com/DOAJ/doaj/blob/feature/2677_review_and_map/./portality/settings.py#L598; https://github.com/DOAJ/doaj/blob/feature/2677_review_and_map/./portality/settings.py#L1124
DOAJArticleXML:Schema,,,./portality/app.py#L139; ./portality/settings.py#L842; ./portality/crosswalks/article_doaj_xml.py#L24; ./portality/crosswalks/oaipmh.py#L305,https://github.com/DOAJ/doaj/blob/feature/2677_review_and_map/./portality/app.py#L139; https://github.com/DOAJ/doaj/blob/feature/2677_review_and_map/./portality/settings.py#L842; https://github.com/DOAJ/doaj/blob/feature/2677_review_and_map/./portality/crosswalks/article_doaj_xml.py#L24; https://github.com/DOAJ/doaj/blob/feature/2677_review_and_map/./portality/crosswalks/oaipmh.py#L305
SiteNote:Feature,,,./portality/settings.py#L228,https://github.com/DOAJ/doaj/blob/feature/2677_review_and_map/./portality/settings.py#L228
AssEdApplicationQuery:Endpoint,,,./portality/settings.py#L681,https://github.com/DOAJ/doaj/blob/feature/2677_review_and_map/./portality/settings.py#L681
APIJournalQuery:Endpoint,,,./portality/settings.py#L715,https://github.com/DOAJ/doaj/blob/feature/2677_review_and_map/./portality/settings.py#L715
ArticlesSearch:WebRoute,,,./cms/data/nav.yml#L12,https://github.com/DOAJ/doaj/blob/feature/2677_review_and_map/./cms/data/nav.yml#L12
EditorJournalQuery:Endpoint,,,./portality/settings.py#L690,https://github.com/DOAJ/doaj/blob/feature/2677_review_and_map/./portality/settings.py#L690
AmbassadorsData:Template,,,./cms/pages/about/ambassadors.md#L8,https://github.com/DOAJ/doaj/blob/feature/2677_review_and_map/./cms/pages/about/ambassadors.md#L8
Hotjar:ExternalService,,,./portality/settings.py#L1014,https://github.com/DOAJ/doaj/blob/feature/2677_review_and_map/./portality/settings.py#L1014
Contact:WebRoute,,,./cms/data/nav.yml#L110,https://github.com/DOAJ/doaj/blob/feature/2677_review_and_map/./cms/data/nav.yml#L110
JournalForm:Crosswalk,,,./portality/crosswalks/journal_questions.py#L285; ./portality/crosswalks/application_form.py#L113,https://github.com/DOAJ/doaj/blob/feature/2677_review_and_map/./portality/crosswalks/journal_questions.py#L285; https://github.com/DOAJ/doaj/blob/feature/2677_review_and_map/./portality/crosswalks/application_form.py#L113
CMSSASS:Build,,,./portality/core.py#L293; ./portality/cms/build_sass.py#L61,https://github.com/DOAJ/doaj/blob/feature/2677_review_and_map/./portality/core.py#L293; https://github.com/DOAJ/doaj/blob/feature/2677_review_and_map/./portality/cms/build_sass.py#L61
CMS:DataStore,./cms/README.md#L3,https://github.com/DOAJ/doaj/blob/feature/2677_review_and_map/./cms/README.md#L3,./cms/README.md#L4; ./portality/core.py#L264; ./portality/settings.py#L191,https://github.com/DOAJ/doaj/blob/feature/2677_review_and_map/./cms/README.md#L4; https://github.com/DOAJ/doaj/blob/feature/2677_review_and_map/./portality/core.py#L264; https://github.com/DOAJ/doaj/blob/feature/2677_review_and_map/./portality/settings.py#L191
AssEdJournalQuery:Endpoint,,,./portality/settings.py#L674,https://github.com/DOAJ/doaj/blob/feature/2677_review_and_map/./portality/settings.py#L674
HasOtherCharges:FormField,./portality/forms/application_forms.py#L1080,https://github.com/DOAJ/doaj/blob/feature/2677_review_and_map/./portality/forms/application_forms.py#L1080,./portality/forms/application_forms.py#L1080,https://github.com/DOAJ/doaj/blob/feature/2677_review_and_map/./portality/forms/application_forms.py#L1080
PublisherCountry:FormField,./portality/forms/application_forms.py#L444,https://github.com/DOAJ/doaj/blob/feature/2677_review_and_map/./portality/forms/application_forms.py#L444,./portality/forms/application_forms.py#L444,https://github.com/DOAJ/doaj/blob/feature/2677_review_and_map/./portality/forms/application_forms.py#L444
CreateUser:Script,,,./docs/system/AUTHNZ.md#L13,https://github.com/DOAJ/doaj/blob/feature/2677_review_and_map/./docs/system/AUTHNZ.md#L13
SiteLicence:Content,,,./portality/settings.py#L791,https://github.com/DOAJ/doaj/blob/feature/2677_review_and_map/./portality/settings.py#L791
UpdateRequest:Feature,,,./portality/api/v2/crud/applications.py#L111; ./portality/api/v2/crud/applications.py#L263; ./portality/crosswalks/application_form.py#L114,https://github.com/DOAJ/doaj/blob/feature/2677_review_and_map/./portality/api/v2/crud/applications.py#L111; https://github.com/DOAJ/doaj/blob/feature/2677_review_and_map/./portality/api/v2/crud/applications.py#L263; https://github.com/DOAJ/doaj/blob/feature/2677_review_and_map/./portality/crosswalks/application_form.py#L114
BagroundJob:Model,,,./portality/background.py#L37,https://github.com/DOAJ/doaj/blob/feature/2677_review_and_map/./portality/background.py#L37
Documentation:WebRoute,,,./cms/data/nav.yml#L19,https://github.com/DOAJ/doaj/blob/feature/2677_review_and_map/./cms/data/nav.yml#L19
News:Feature,,,./portality/settings.py#L894,https://github.com/DOAJ/doaj/blob/feature/2677_review_and_map/./portality/settings.py#L894
PublisherApplicationQuery:Endpoint,,,./portality/settings.py#L618,https://github.com/DOAJ/doaj/blob/feature/2677_review_and_map/./portality/settings.py#L618
IncomingArticle:Model,,,./docs/data_models.sh#L10,https://github.com/DOAJ/doaj/blob/feature/2677_review_and_map/./docs/data_models.sh#L10
CaptureSigterm:Feature,./portality/decorators.py#L140,https://github.com/DOAJ/doaj/blob/feature/2677_review_and_map/./portality/decorators.py#L140,,
APCCurrency:FormField,./portality/forms/application_forms.py#L955,https://github.com/DOAJ/doaj/blob/feature/2677_review_and_map/./portality/forms/application_forms.py#L955,./portality/forms/application_forms.py#L955,https://github.com/DOAJ/doaj/blob/feature/2677_review_and_map/./portality/forms/application_forms.py#L955
APIArticleQuery:Endpoint,,,./portality/settings.py#L706,https://github.com/DOAJ/doaj/blob/feature/2677_review_and_map/./portality/settings.py#L706
EditorGroup:FormField,./portality/forms/application_forms.py#L1592,https://github.com/DOAJ/doaj/blob/feature/2677_review_and_map/./portality/forms/application_forms.py#L1592,./portality/forms/application_forms.py#L1592,https://github.com/DOAJ/doaj/blob/feature/2677_review_and_map/./portality/forms/application_forms.py#L1592
OAIPMH:Feature,,,./portality/settings.py#L804; ./portality/settings.py#L1037; ./portality/crosswalks/oaipmh.py#L47; ./portality/crosswalks/oaipmh.py#L93; ./portality/crosswalks/oaipmh.py#L225; ./portality/crosswalks/oaipmh.py#L304,https://github.com/DOAJ/doaj/blob/feature/2677_review_and_map/./portality/settings.py#L804; https://github.com/DOAJ/doaj/blob/feature/2677_review_and_map/./portality/settings.py#L1037; https://github.com/DOAJ/doaj/blob/feature/2677_review_and_map/./portality/crosswalks/oaipmh.py#L47; https://github.com/DOAJ/doaj/blob/feature/2677_review_and_map/./portality/crosswalks/oaipmh.py#L93; https://github.com/DOAJ/doaj/blob/feature/2677_review_and_map/./portality/crosswalks/oaipmh.py#L225; https://github.com/DOAJ/doaj/blob/feature/2677_review_and_map/./portality/crosswalks/oaipmh.py#L304
PublisherSupporterSidenav:Template,,,./cms/pages/support/publisher-supporters.md#L9,https://github.com/DOAJ/doaj/blob/feature/2677_review_and_map/./cms/pages/support/publisher-supporters.md#L9
PublisherUpdateRequestsQuery:Endpoint,,,./portality/settings.py#L626,https://github.com/DOAJ/doaj/blob/feature/2677_review_and_map/./portality/settings.py#L626
NewApplication:FormContext,,,./portality/api/v2/crud/applications.py#L160; ./portality/api/v2/crud/applications.py#L313,https://github.com/DOAJ/doaj/blob/feature/2677_review_and_map/./portality/api/v2/crud/applications.py#L160; https://github.com/DOAJ/doaj/blob/feature/2677_review_and_map/./portality/api/v2/crud/applications.py#L313
Orcids:FormField,./portality/forms/application_forms.py#L1420,https://github.com/DOAJ/doaj/blob/feature/2677_review_and_map/./portality/forms/application_forms.py#L1420,./portality/forms/application_forms.py#L1420,https://github.com/DOAJ/doaj/blob/feature/2677_review_and_map/./portality/forms/application_forms.py#L1420
Account:Blueprint,,,./portality/app.py#L48,https://github.com/DOAJ/doaj/blob/feature/2677_review_and_map/./portality/app.py#L48
AdminEditorGroupQuery:Endpoint,,,./portality/settings.py#L648,https://github.com/DOAJ/doaj/blob/feature/2677_review_and_map/./portality/settings.py#L648
OpenURL:Feature,,,./portality/settings.py#L1051,https://github.com/DOAJ/doaj/blob/feature/2677_review_and_map/./portality/settings.py#L1051
ArticleMetadata:Page,,,./portality/settings.py#L384,https://github.com/DOAJ/doaj/blob/feature/2677_review_and_map/./portality/settings.py#L384
QuickReject:Feature,,,./portality/settings.py#L1090,https://github.com/DOAJ/doaj/blob/feature/2677_review_and_map/./portality/settings.py#L1090
ReviewProcess:FormField,./portality/forms/application_forms.py#L708,https://github.com/DOAJ/doaj/blob/feature/2677_review_and_map/./portality/forms/application_forms.py#L708,./portality/forms/application_forms.py#L708,https://github.com/DOAJ/doaj/blob/feature/2677_review_and_map/./portality/forms/application_forms.py#L708
Accessibility:WebRoute,,,./cms/data/nav.yml#L106,https://github.com/DOAJ/doaj/blob/feature/2677_review_and_map/./cms/data/nav.yml#L106
Note:FormField,./portality/forms/application_forms.py#L1766,https://github.com/DOAJ/doaj/blob/feature/2677_review_and_map/./portality/forms/application_forms.py#L1766,./portality/forms/application_forms.py#L1766,https://github.com/DOAJ/doaj/blob/feature/2677_review_and_map/./portality/forms/application_forms.py#L1766
OptionalValidation:FormField,./portality/forms/application_forms.py#L1792,https://github.com/DOAJ/doaj/blob/feature/2677_review_and_map/./portality/forms/application_forms.py#L1792,./portality/forms/application_forms.py#L1792,https://github.com/DOAJ/doaj/blob/feature/2677_review_and_map/./portality/forms/application_forms.py#L1792
PublisherJournalQuery:Endpoint,,,./portality/settings.py#L610,https://github.com/DOAJ/doaj/blob/feature/2677_review_and_map/./portality/settings.py#L610
PublicJournalQuery:Endpoint,,,./portality/settings.py#L577,https://github.com/DOAJ/doaj/blob/feature/2677_review_and_map/./portality/settings.py#L577
Twitter:ExternalService,,,./cms/data/nav.yml#L90,https://github.com/DOAJ/doaj/blob/feature/2677_review_and_map/./cms/data/nav.yml#L90
OutgoingApplication:Model,,,./docs/system/API.md#L31,https://github.com/DOAJ/doaj/blob/feature/2677_review_and_map/./docs/system/API.md#L31
LCCXML:Data,./lccSubjects.xml#L1,https://github.com/DOAJ/doaj/blob/feature/2677_review_and_map/./lccSubjects.xml#L1,./portality/lcc.py#L2,https://github.com/DOAJ/doaj/blob/feature/2677_review_and_map/./portality/lcc.py#L2
BibJSON:Model,,,./portality/settings.py#L763,https://github.com/DOAJ/doaj/blob/feature/2677_review_and_map/./portality/settings.py#L763
UpdateRequest:FormContext,,,./portality/api/v2/crud/applications.py#L131; ./portality/api/v2/crud/applications.py#L283,https://github.com/DOAJ/doaj/blob/feature/2677_review_and_map/./portality/api/v2/crud/applications.py#L131; https://github.com/DOAJ/doaj/blob/feature/2677_review_and_map/./portality/api/v2/crud/applications.py#L283
DOAJArticleXML:Feature,,,./portality/crosswalks/article_doaj_xml.py#L12,https://github.com/DOAJ/doaj/blob/feature/2677_review_and_map/./portality/crosswalks/article_doaj_xml.py#L12
DOAJSeal:FormField,./portality/forms/application_forms.py#L1478,https://github.com/DOAJ/doaj/blob/feature/2677_review_and_map/./portality/forms/application_forms.py#L1478,./portality/forms/application_forms.py#L1478,https://github.com/DOAJ/doaj/blob/feature/2677_review_and_map/./portality/forms/application_forms.py#L1478
Swagger:Feature,./portality/decorators.py#L15,https://github.com/DOAJ/doaj/blob/feature/2677_review_and_map/./portality/decorators.py#L15,./portality/api/common.py#L16; ./portality/api/v2/discovery.py#L113; ./portality/api/v2/crud/journals.py#L14; ./portality/api/v2/crud/applications.py#L24; ./portality/api/v2/crud/articles.py#L18; ./portality/api/v2/bulk/applications.py#L11; ./portality/api/v2/bulk/articles.py#L14,https://github.com/DOAJ/doaj/blob/feature/2677_review_and_map/./portality/api/common.py#L16; https://github.com/DOAJ/doaj/blob/feature/2677_review_and_map/./portality/api/v2/discovery.py#L113; https://github.com/DOAJ/doaj/blob/feature/2677_review_and_map/./portality/api/v2/crud/journals.py#L14; https://github.com/DOAJ/doaj/blob/feature/2677_review_and_map/./portality/api/v2/crud/applications.py#L24; https://github.com/DOAJ/doaj/blob/feature/2677_review_and_map/./portality/api/v2/crud/articles.py#L18; https://github.com/DOAJ/doaj/blob/feature/2677_review_and_map/./portality/api/v2/bulk/applications.py#L11; https://github.com/DOAJ/doaj/blob/feature/2677_review_and_map/./portality/api/v2/bulk/articles.py#L14
LicenseDisplay:FormField,./portality/forms/application_forms.py#L603,https://github.com/DOAJ/doaj/blob/feature/2677_review_and_map/./portality/forms/application_forms.py#L603,./portality/forms/application_forms.py#L603,https://github.com/DOAJ/doaj/blob/feature/2677_review_and_map/./portality/forms/application_forms.py#L603
PreservationService:FormField,./portality/forms/application_forms.py#L1128,https://github.com/DOAJ/doaj/blob/feature/2677_review_and_map/./portality/forms/application_forms.py#L1128,./portality/forms/application_forms.py#L1128,https://github.com/DOAJ/doaj/blob/feature/2677_review_and_map/./portality/forms/application_forms.py#L1128
FixedQueryWidget:Feature,,,./portality/settings.py#L1078,https://github.com/DOAJ/doaj/blob/feature/2677_review_and_map/./portality/settings.py#L1078
ArticleBibJSON:Model,,,./portality/settings.py#L967,https://github.com/DOAJ/doaj/blob/feature/2677_review_and_map/./portality/settings.py#L967
OAIPMHDocumentation:WebRoute,,,./cms/data/nav.yml#L21,https://github.com/DOAJ/doaj/blob/feature/2677_review_and_map/./cms/data/nav.yml#L21
PublicArticleQuery:Endpoint,,,./portality/settings.py#L587,https://github.com/DOAJ/doaj/blob/feature/2677_review_and_map/./portality/settings.py#L587
Ambassadors:WebRoute,,,./cms/data/nav.yml#L42,https://github.com/DOAJ/doaj/blob/feature/2677_review_and_map/./cms/data/nav.yml#L42
BackgroundTask:Process,./portality/background.py#L119,https://github.com/DOAJ/doaj/blob/feature/2677_review_and_map/./portality/background.py#L119,./portality/background.py#L36; ./portality/background.py#L182,https://github.com/DOAJ/doaj/blob/feature/2677_review_and_map/./portality/background.py#L36; https://github.com/DOAJ/doaj/blob/feature/2677_review_and_map/./portality/background.py#L182
Journal:Form,,,./portality/crosswalks/journal_questions.py#L12; ./portality/crosswalks/journal_form.py#L9,https://github.com/DOAJ/doaj/blob/feature/2677_review_and_map/./portality/crosswalks/journal_questions.py#L12; https://github.com/DOAJ/doaj/blob/feature/2677_review_and_map/./portality/crosswalks/journal_form.py#L9
CORS:Framework,,,./portality/core.py#L51,https://github.com/DOAJ/doaj/blob/feature/2677_review_and_map/./portality/core.py#L51
Atom:Blueprint,,,./portality/app.py#L69,https://github.com/DOAJ/doaj/blob/feature/2677_review_and_map/./portality/app.py#L69
APIv2:Blueprint,,,./portality/app.py#L61; ./portality/app.py#L312,https://github.com/DOAJ/doaj/blob/feature/2677_review_and_map/./portality/app.py#L61; https://github.com/DOAJ/doaj/blob/feature/2677_review_and_map/./portality/app.py#L312
Notes:FormField,./portality/forms/application_forms.py#L1735,https://github.com/DOAJ/doaj/blob/feature/2677_review_and_map/./portality/forms/application_forms.py#L1735,./portality/forms/application_forms.py#L1735,https://github.com/DOAJ/doaj/blob/feature/2677_review_and_map/./portality/forms/application_forms.py#L1735
Cache:Feature,,,./docs/system/S3.md#L150; ./portality/settings.py#L866; ./portality/bll/services/site.py#L103,https://github.com/DOAJ/doaj/blob/feature/2677_review_and_map/./docs/system/S3.md#L150; https://github.com/DOAJ/doaj/blob/feature/2677_review_and_map/./portality/settings.py#L866; https://github.com/DOAJ/doaj/blob/feature/2677_review_and_map/./portality/bll/services/site.py#L103
NoteDate:FormField,./portality/forms/application_forms.py#L1775,https://github.com/DOAJ/doaj/blob/feature/2677_review_and_map/./portality/forms/application_forms.py#L1775,./portality/forms/application_forms.py#L1775,https://github.com/DOAJ/doaj/blob/feature/2677_review_and_map/./portality/forms/application_forms.py#L1775
PlagiarismDetection:FormField,./portality/forms/application_forms.py#L780,https://github.com/DOAJ/doaj/blob/feature/2677_review_and_map/./portality/forms/application_forms.py#L780,./portality/forms/application_forms.py#L780,https://github.com/DOAJ/doaj/blob/feature/2677_review_and_map/./portality/forms/application_forms.py#L780
JournalURLInPublicDOAJ:FormValidator,,,./portality/forms/application_forms.py#L2509; ./portality/forms/application_forms.py#L213,https://github.com/DOAJ/doaj/blob/feature/2677_review_and_map/./portality/forms/application_forms.py#L2509; https://github.com/DOAJ/doaj/blob/feature/2677_review_and_map/./portality/forms/application_forms.py#L213
UnitTests:Test,,,./docs/coverage.sh#L8,https://github.com/DOAJ/doaj/blob/feature/2677_review_and_map/./docs/coverage.sh#L8
OpenURL:Blueprint,,,./portality/app.py#L68,https://github.com/DOAJ/doaj/blob/feature/2677_review_and_map/./portality/app.py#L68
Query:Config,,,./portality/bll/services/query.py#L14,https://github.com/DOAJ/doaj/blob/feature/2677_review_and_map/./portality/bll/services/query.py#L14
SimpleSearchWidget:Asset,,,./cms/pages/docs/widgets.md#L8,https://github.com/DOAJ/doaj/blob/feature/2677_review_and_map/./cms/pages/docs/widgets.md#L8
CrossrefXML:Schema,,,./portality/core.py#L134; ./portality/settings.py#L841; ./portality/crosswalks/article_crossref_xml.py#L30,https://github.com/DOAJ/doaj/blob/feature/2677_review_and_map/./portality/core.py#L134; https://github.com/DOAJ/doaj/blob/feature/2677_review_and_map/./portality/settings.py#L841; https://github.com/DOAJ/doaj/blob/feature/2677_review_and_map/./portality/crosswalks/article_crossref_xml.py#L30
JournalCSV:Script,,,./docs/system/INSTALL.md#L113,https://github.com/DOAJ/doaj/blob/feature/2677_review_and_map/./docs/system/INSTALL.md#L113
Sponsors:WebRoute,,,./cms/data/nav.yml#L62,https://github.com/DOAJ/doaj/blob/feature/2677_review_and_map/./cms/data/nav.yml#L62
BOAI:FormField,./portality/forms/application_forms.py#L66,https://github.com/DOAJ/doaj/blob/feature/2677_review_and_map/./portality/forms/application_forms.py#L66,./portality/forms/application_forms.py#L66,https://github.com/DOAJ/doaj/blob/feature/2677_review_and_map/./portality/forms/application_forms.py#L66
Bitly:ExternalService,,,./portality/settings.py#L918,https://github.com/DOAJ/doaj/blob/feature/2677_review_and_map/./portality/settings.py#L918
IsURL:FormValidator,,,./portality/forms/application_forms.py#L2443; ./portality/forms/application_forms.py#L124; ./portality/forms/application_forms.py#L199; ./portality/forms/application_forms.py#L212; ./portality/forms/application_forms.py#L590; ./portality/forms/application_forms.py#L643; ./portality/forms/application_forms.py#L686; ./portality/forms/application_forms.py#L696; ./portality/forms/application_forms.py#L702; ./portality/forms/application_forms.py#L772; ./portality/forms/application_forms.py#L821; ./portality/forms/application_forms.py#L840; ./portality/forms/application_forms.py#L859; ./portality/forms/application_forms.py#L878; ./portality/forms/application_forms.py#L1020; ./portality/forms/application_forms.py#L1072; ./portality/forms/application_forms.py#L1120; ./portality/forms/application_forms.py#L1253; ./portality/forms/application_forms.py#L1331; ./portality/forms/application_forms.py#L1351; ./portality/forms/application_forms.py#L1367,https://github.com/DOAJ/doaj/blob/feature/2677_review_and_map/./portality/forms/application_forms.py#L2443; https://github.com/DOAJ/doaj/blob/feature/2677_review_and_map/./portality/forms/application_forms.py#L124; https://github.com/DOAJ/doaj/blob/feature/2677_review_and_map/./portality/forms/application_forms.py#L199; https://github.com/DOAJ/doaj/blob/feature/2677_review_and_map/./portality/forms/application_forms.py#L212; https://github.com/DOAJ/doaj/blob/feature/2677_review_and_map/./portality/forms/application_forms.py#L590; https://github.com/DOAJ/doaj/blob/feature/2677_review_and_map/./portality/forms/application_forms.py#L643; https://github.com/DOAJ/doaj/blob/feature/2677_review_and_map/./portality/forms/application_forms.py#L686; https://github.com/DOAJ/doaj/blob/feature/2677_review_and_map/./portality/forms/application_forms.py#L696; https://github.com/DOAJ/doaj/blob/feature/2677_review_and_map/./portality/forms/application_forms.py#L702; https://github.com/DOAJ/doaj/blob/feature/2677_review_and_map/./portality/forms/application_forms.py#L772; https://github.com/DOAJ/doaj/blob/feature/2677_review_and_map/./portality/forms/application_forms.py#L821; https://github.com/DOAJ/doaj/blob/feature/2677_review_and_map/./portality/forms/application_forms.py#L840; https://github.com/DOAJ/doaj/blob/feature/2677_review_and_map/./portality/forms/application_forms.py#L859; https://github.com/DOAJ/doaj/blob/feature/2677_review_and_map/./portality/forms/application_forms.py#L878; https://github.com/DOAJ/doaj/blob/feature/2677_review_and_map/./portality/forms/application_forms.py#L1020; https://github.com/DOAJ/doaj/blob/feature/2677_review_and_map/./portality/forms/application_forms.py#L1072; https://github.com/DOAJ/doaj/blob/feature/2677_review_and_map/./portality/forms/application_forms.py#L1120; https://github.com/DOAJ/doaj/blob/feature/2677_review_and_map/./portality/forms/application_forms.py#L1253; https://github.com/DOAJ/doaj/blob/feature/2677_review_and_map/./portality/forms/application_forms.py#L1331; https://github.com/DOAJ/doaj/blob/feature/2677_review_and_map/./portality/forms/application_forms.py#L1351; https://github.com/DOAJ/doaj/blob/feature/2677_review_and_map/./portality/forms/application_forms.py#L1367
ClickableURL:FormWidget,,,./portality/forms/application_forms.py#L2728; ./portality/forms/application_forms.py#L128; ./portality/forms/application_forms.py#L203; ./portality/forms/application_forms.py#L599; ./portality/forms/application_forms.py#L647; ./portality/forms/application_forms.py#L690; ./portality/forms/application_forms.py#L776; ./portality/forms/application_forms.py#L825; ./portality/forms/application_forms.py#L844; ./portality/forms/application_forms.py#L863; ./portality/forms/application_forms.py#L882; ./portality/forms/application_forms.py#L1024; ./portality/forms/application_forms.py#L1076; ./portality/forms/application_forms.py#L1124; ./portality/forms/application_forms.py#L1257; ./portality/forms/application_forms.py#L1335,https://github.com/DOAJ/doaj/blob/feature/2677_review_and_map/./portality/forms/application_forms.py#L2728; https://github.com/DOAJ/doaj/blob/feature/2677_review_and_map/./portality/forms/application_forms.py#L128; https://github.com/DOAJ/doaj/blob/feature/2677_review_and_map/./portality/forms/application_forms.py#L203; https://github.com/DOAJ/doaj/blob/feature/2677_review_and_map/./portality/forms/application_forms.py#L599; https://github.com/DOAJ/doaj/blob/feature/2677_review_and_map/./portality/forms/application_forms.py#L647; https://github.com/DOAJ/doaj/blob/feature/2677_review_and_map/./portality/forms/application_forms.py#L690; https://github.com/DOAJ/doaj/blob/feature/2677_review_and_map/./portality/forms/application_forms.py#L776; https://github.com/DOAJ/doaj/blob/feature/2677_review_and_map/./portality/forms/application_forms.py#L825; https://github.com/DOAJ/doaj/blob/feature/2677_review_and_map/./portality/forms/application_forms.py#L844; https://github.com/DOAJ/doaj/blob/feature/2677_review_and_map/./portality/forms/application_forms.py#L863; https://github.com/DOAJ/doaj/blob/feature/2677_review_and_map/./portality/forms/application_forms.py#L882; https://github.com/DOAJ/doaj/blob/feature/2677_review_and_map/./portality/forms/application_forms.py#L1024; https://github.com/DOAJ/doaj/blob/feature/2677_review_and_map/./portality/forms/application_forms.py#L1076; https://github.com/DOAJ/doaj/blob/feature/2677_review_and_map/./portality/forms/application_forms.py#L1124; https://github.com/DOAJ/doaj/blob/feature/2677_review_and_map/./portality/forms/application_forms.py#L1257; https://github.com/DOAJ/doaj/blob/feature/2677_review_and_map/./portality/forms/application_forms.py#L1335
Authorisation:Feature,./portality/decorators.py#L88,https://github.com/DOAJ/doaj/blob/feature/2677_review_and_map/./portality/decorators.py#L88,,
Upload:Model,,,./portality/settings.py#L562,https://github.com/DOAJ/doaj/blob/feature/2677_review_and_map/./portality/settings.py#L562
SASS:Technology,,,./portality/cms/build_sass.py#L4,https://github.com/DOAJ/doaj/blob/feature/2677_review_and_map/./portality/cms/build_sass.py#L4
Subject:FormField,./portality/forms/application_forms.py#L1698,https://github.com/DOAJ/doaj/blob/feature/2677_review_and_map/./portality/forms/application_forms.py#L1698,./portality/forms/application_forms.py#L1698,https://github.com/DOAJ/doaj/blob/feature/2677_review_and_map/./portality/forms/application_forms.py#L1698
IncomingApplication:Model,,,./docs/data_models.sh#L11; ./docs/system/API.md#L64,https://github.com/DOAJ/doaj/blob/feature/2677_review_and_map/./docs/data_models.sh#L11; https://github.com/DOAJ/doaj/blob/feature/2677_review_and_map/./docs/system/API.md#L64
AdminJournalQuery:Endpoint,,,./portality/settings.py#L636,https://github.com/DOAJ/doaj/blob/feature/2677_review_and_map/./portality/settings.py#L636
Seal:WebRoute,,,./cms/data/nav.yml#L79,https://github.com/DOAJ/doaj/blob/feature/2677_review_and_map/./cms/data/nav.yml#L79
OutgoingCommonJournalApplication:Model,,,./docs/system/API.md#L32,https://github.com/DOAJ/doaj/blob/feature/2677_review_and_map/./docs/system/API.md#L32
HarvestState:Model,,,./portality/settings.py#L406,https://github.com/DOAJ/doaj/blob/feature/2677_review_and_map/./portality/settings.py#L406
DonationSidenav:Template,,,./cms/pages/support/index.md#L9,https://github.com/DOAJ/doaj/blob/feature/2677_review_and_map/./cms/pages/support/index.md#L9
ElasticAPM:Technology,,,./portality/core.py#L220,https://github.com/DOAJ/doaj/blob/feature/2677_review_and_map/./portality/core.py#L220
CopyrightAuthorRetails:FormField,./portality/forms/application_forms.py#L651,https://github.com/DOAJ/doaj/blob/feature/2677_review_and_map/./portality/forms/application_forms.py#L651,./portality/forms/application_forms.py#L651,https://github.com/DOAJ/doaj/blob/feature/2677_review_and_map/./portality/forms/application_forms.py#L651
DraftApplication:Model,,,./portality/settings.py#L405,https://github.com/DOAJ/doaj/blob/feature/2677_review_and_map/./portality/settings.py#L405
CottageLabs:ExternalService,,,./cms/data/nav.yml#L118,https://github.com/DOAJ/doaj/blob/feature/2677_review_and_map/./cms/data/nav.yml#L118
APIv1:Blueprint,,,./portality/app.py#L59; ./portality/app.py#L311,https://github.com/DOAJ/doaj/blob/feature/2677_review_and_map/./portality/app.py#L59; https://github.com/DOAJ/doaj/blob/feature/2677_review_and_map/./portality/app.py#L311
Article:Form,,,./portality/crosswalks/article_form.py#L5,https://github.com/DOAJ/doaj/blob/feature/2677_review_and_map/./portality/crosswalks/article_form.py#L5
OpenURL:Endpoint,,,./docs/system/OPENURL.md#L27,https://github.com/DOAJ/doaj/blob/feature/2677_review_and_map/./docs/system/OPENURL.md#L27
Licences:Data,,,./portality/datasets.py#L60,https://github.com/DOAJ/doaj/blob/feature/2677_review_and_map/./portality/datasets.py#L60
JournalDataDump:WebRoute,,,./cms/pages/docs/public-data-dump.md#L8,https://github.com/DOAJ/doaj/blob/feature/2677_review_and_map/./cms/pages/docs/public-data-dump.md#L8
CLCSV:Library,./portality/lib/clcsv.py#L7,https://github.com/DOAJ/doaj/blob/feature/2677_review_and_map/./portality/lib/clcsv.py#L7,,
